Image,Id
00022e1a.jpg,w_e15442c
000466c4.jpg,w_1287fbc
00087b01.jpg,w_da2efe0
001296d5.jpg,w_19e5482
0014cfdf.jpg,w_f22f3e3
0025e8c2.jpg,w_8b1ca89
0026a8ab.jpg,w_eaad6a8
0035632e.jpg,w_3d0bc7a
0037e7d3.jpg,w_50db782
00389cd7.jpg,w_2863d51
0042dcc4.jpg,w_6dc7db6
0042ea34.jpg,w_968f2ca
00467ae9.jpg,w_fd1cb9d
004a97f3.jpg,w_60759c2
004c5fb9.jpg,w_ab6bb0a
005c57e7.jpg,w_79b42cd
006d0aaf.jpg,w_c9ba30c
0078af23.jpg,w_e6ec8ee
008809b5.jpg,w_7e5cc5e
008baccf.jpg,w_ab6db0f
0091c92b.jpg,w_bc8d634
009dca38.jpg,w_b59c523
00a29f63.jpg,w_2850471
00ab018e.jpg,w_51969d2
00ac0e86.jpg,w_4be8a3e
00acb5a9.jpg,w_c0cfd5b
00af84d8.jpg,w_339c8ae
00b2c0cd.jpg,w_7c7a78c
00b588d6.jpg,w_25871da
00b7de10.jpg,w_97f5054
00be7f73.jpg,w_6926f08
00be9148.jpg,w_9c70a11
00cf7bd3.jpg,w_8e4abc9
00d3d48c.jpg,w_222dcb7
00d6b82e.jpg,w_36a4e8b
00eab0e6.jpg,w_886257d
00ec0dcd.jpg,w_a2eb1bb
00f22419.jpg,w_2ac8b4d
00f4c92c.jpg,w_9ea2cc3
0101d22b.jpg,w_af67683
010ecbb5.jpg,w_7b3f9d1
010f1fe2.jpg,w_effd0ea
011904f8.jpg,w_96b697f
01228da4.jpg,w_51969d2
01274a1e.jpg,w_c07f119
01321d88.jpg,w_685466f
01496f0b.jpg,w_04c1951
0162c72f.jpg,w_307065e
01679a6d.jpg,w_b4369cc
01692e13.jpg,w_2173953
0171d221.jpg,w_27cf4e2
0175c4c1.jpg,w_aed023d
017ec31f.jpg,w_af8cad1
018722ca.jpg,w_a837660
018f26da.jpg,w_4e68ddc
01981e98.jpg,w_f19faeb
019cd867.jpg,w_0ead9d7
01aaa81a.jpg,w_8c1ec28
01b83639.jpg,w_7ef90f7
01bd341c.jpg,w_88e5933
01be6c48.jpg,w_f18df18
01c11eaf.jpg,w_0a71e87
01c28f3b.jpg,w_f663b5e
01cf1430.jpg,w_03f060f
01d117c5.jpg,w_f2e9eb1
01d4467a.jpg,w_4114553
01d890d8.jpg,w_4fdaa2a
01daeb5a.jpg,w_55d6c4f
01dd608b.jpg,w_12c3d3d
01e25788.jpg,w_e74980b
01e37453.jpg,w_778ee6e
01e490cf.jpg,w_4b1fad6
01ec6749.jpg,w_1c32062
01ed89f6.jpg,w_67de30b
01f17a15.jpg,w_656afeb
020028b2.jpg,w_0de84f0
02012946.jpg,w_9e559ff
02073b87.jpg,w_392bee3
0217abfb.jpg,w_2c6fe6f
021dc6ac.jpg,w_5384c57
02239d12.jpg,w_e115a81
0237ca7a.jpg,w_8ba2066
024144e5.jpg,w_0f16be3
0243ca95.jpg,w_b729b1f
02453c9f.jpg,w_b074cdf
024c6d37.jpg,w_73cbacd
0252337b.jpg,w_e05ee50
02529c95.jpg,w_69f4311
02558f3a.jpg,w_4e68ddc
025c0ecb.jpg,w_4fd48e7
025fd2ea.jpg,w_7276f4b
02608d7a.jpg,w_93bf889
0260c382.jpg,w_d142b00
0267139c.jpg,w_e156c87
028d2ff2.jpg,w_5297ab3
02916b71.jpg,w_73d5489
02a12b73.jpg,w_6202983
02a66def.jpg,w_b14007c
02a783c8.jpg,w_2a939eb
02af1aa3.jpg,w_5624f08
02c8235c.jpg,w_e59a1f0
02c82510.jpg,w_a8b5c0f
02cf6a52.jpg,w_a1b985a
02cff75e.jpg,w_913a2ad
02d235f7.jpg,w_511c464
02e6188b.jpg,w_d3c8520
02ea0810.jpg,w_6e8486d
02ed3e6d.jpg,w_18df014
03034d4c.jpg,w_b074cdf
0316f962.jpg,w_96b8436
0317dee0.jpg,w_656afeb
031c75ef.jpg,w_681dba6
0320e985.jpg,w_7049d9f
0323fcfc.jpg,w_cd22b23
03282162.jpg,w_0b3c02c
0331d7a8.jpg,w_e8ca955
03322101.jpg,w_9b401eb
0344cc34.jpg,w_fea7fe6
03500d61.jpg,w_e07f3d1
0354d93d.jpg,w_1d2fbc1
0356c5ed.jpg,w_8c1ec28
035ab2b4.jpg,w_da0b8b5
0360c040.jpg,w_ccca0db
0365b421.jpg,w_a4f77bd
036bad0a.jpg,w_711aaa1
0375c878.jpg,w_9ae554b
0376d91d.jpg,w_1274a11
0387bc35.jpg,w_9dcf002
03910800.jpg,w_d88328d
0397dbdb.jpg,w_125095f
039b1c58.jpg,w_8b22583
03a3593c.jpg,w_6b82ccc
03b4ea17.jpg,w_9562910
03b5f4e4.jpg,w_1febbf3
03c696a6.jpg,w_3d0bc7a
03cb4f5d.jpg,w_7ad249d
03d0f974.jpg,w_cf3c233
03e8e963.jpg,w_eb8429c
03f158af.jpg,w_c11932e
03f8476f.jpg,w_c9e1cdc
03f8cf5a.jpg,w_b8f8e69
03fb2408.jpg,w_e3b2cfa
03fbb4cb.jpg,w_71c7322
03fe05bc.jpg,w_3621c49
0400ccee.jpg,w_bc62c0e
040860f2.jpg,w_33909b8
040898fc.jpg,w_a31aa30
040c1cd4.jpg,w_717a293
040d8913.jpg,w_44f66a7
040e5bd6.jpg,w_86b3de4
04182994.jpg,w_ba1befb
041e7370.jpg,w_4fa1bd5
0422010d.jpg,w_379ba08
042fa04b.jpg,w_c708776
0435e09a.jpg,w_01cbcbf
043a5625.jpg,w_962164f
0444f67e.jpg,w_c926fc3
0453720f.jpg,w_5c62a56
04559a53.jpg,w_379785d
0466ed01.jpg,w_8420f42
0471a6a7.jpg,w_2c51d33
047b1d89.jpg,w_b34793e
048578f5.jpg,w_4fdaa2a
0485c4c1.jpg,w_bf14813
04867dab.jpg,w_5cb5fc3
0489f7e2.jpg,w_b2f1afa
048b9040.jpg,w_5b99089
04928fa7.jpg,w_2fe43c7
0496e682.jpg,w_fd1cb9d
04a91387.jpg,w_eec1133
04aaf2f9.jpg,w_3dd1a87
04b16181.jpg,w_b83b069
04b3714e.jpg,w_37dd956
04b88a95.jpg,w_302af0a
04c06689.jpg,w_47d2bc6
04c5ec77.jpg,w_f546b0a
04c73b64.jpg,w_9d5f5cc
04cdb743.jpg,w_ad8bc47
04ce734a.jpg,w_09d7946
04cee0bd.jpg,w_7523d74
04d1f994.jpg,w_9d48bcf
04d2b8a3.jpg,w_9ea2cc3
04d69405.jpg,w_1894a1c
04dd6cc6.jpg,w_3197568
04e5cc2b.jpg,w_5297ab3
04eff153.jpg,w_a85a3c9
04fa6285.jpg,w_b6efe77
04fcc7f0.jpg,w_1d53d9c
0504d072.jpg,w_a71aa99
0504e8f8.jpg,w_67de30b
05071be3.jpg,w_c9dd32e
0512b13b.jpg,w_95874a5
0523d3a2.jpg,w_a18d0dc
0525ae51.jpg,w_1029f4e
0528bc43.jpg,w_8464638
05293254.jpg,w_d6e437d
052f5378.jpg,w_5d86dc6
05330b65.jpg,w_2341d0a
0534772d.jpg,w_7f867ec
0545526f.jpg,w_da63cba
054c4923.jpg,w_f8cd6b6
05500217.jpg,w_db0ad01
05510761.jpg,w_0f54cdf
05562539.jpg,w_a91b997
055b8460.jpg,w_af5d11a
05651187.jpg,w_3aa2073
0566b8e8.jpg,w_e4971dc
056b05e2.jpg,w_fb94a5a
057644d1.jpg,w_7c6ad05
057ce740.jpg,w_e158680
057d24dd.jpg,w_cf3c233
058147c9.jpg,w_222dcb7
05859f6e.jpg,w_5a29f9d
05898b05.jpg,w_b318111
0594a048.jpg,w_7ab1759
0595cef3.jpg,w_296749b
05a1c013.jpg,w_b5144b0
05cc223e.jpg,w_a2a1378
05d10f3f.jpg,w_41fa033
05d402e7.jpg,w_b2d937a
05d87e8f.jpg,w_cae7677
05eb989c.jpg,w_13c6b6b
05ebc21b.jpg,w_b942708
05edf5e5.jpg,w_19ca2c6
05ef7149.jpg,w_bcb0696
05f7a40d.jpg,w_0324b97
05fffe26.jpg,w_a8e5d39
0603a403.jpg,w_1287fbc
060999c4.jpg,w_5aa4856
06127f81.jpg,w_980bb1a
06176b42.jpg,w_dbf4e7f
0617f982.jpg,w_7554f44
06252a55.jpg,w_b688397
06256148.jpg,w_53859b2
0629271e.jpg,w_65e2424
06395c21.jpg,w_4d358e5
0639d07c.jpg,w_3f907d6
063acadc.jpg,w_5c07f42
063e62a9.jpg,w_845f7ca
064d2674.jpg,w_a66b2a5
06562b7d.jpg,w_0471bdf
06590146.jpg,w_898eb3b
065de1f0.jpg,w_40be51f
06654cf5.jpg,w_94e1ed4
066860e3.jpg,w_6c2d7ea
06709a5b.jpg,w_b9ee5ec
068a256b.jpg,w_79cde72
068ddcd9.jpg,w_b96d4e0
069d05ca.jpg,w_8f2fb79
069e0d01.jpg,w_6398e9d
06a2edf4.jpg,w_ccfdb00
06ab0bdc.jpg,w_1a70685
06b3fe4d.jpg,w_0e7cb1c
06b55250.jpg,w_af18c29
06b62519.jpg,w_5dc1c2d
06bd0e02.jpg,w_80171b9
06bdc5d1.jpg,w_1eafe46
06bfa037.jpg,w_a14ccaa
06c0c5b6.jpg,w_dee6441
06c5c28e.jpg,w_f8e6546
06cbdaa5.jpg,w_992c775
06cf4233.jpg,w_7f0700f
06d7be52.jpg,w_1a229eb
06e3e8b5.jpg,w_046634b
06e43d7a.jpg,w_1dff010
06e5ca1c.jpg,w_bb79fb8
06e8a669.jpg,w_d1bbde9
06ed0f2e.jpg,w_ff7630a
06f3adae.jpg,w_98baff9
06f3cbf8.jpg,w_fc433f7
06ffe77b.jpg,w_6ba46a1
0701d937.jpg,w_fcdc898
0705d206.jpg,w_f63d8b0
070e6c95.jpg,w_15d7ecf
0727715c.jpg,w_aa7a302
0739fcdc.jpg,w_1917275
0745ef3f.jpg,w_18a1bf2
07480326.jpg,w_989fbbb
0749d9c2.jpg,w_71c7322
074ceb3f.jpg,w_0b3b659
074f068b.jpg,w_d96a0cd
0753654f.jpg,w_2e42cc0
075a3b48.jpg,w_d6a6360
076f28ee.jpg,w_0f8b515
0774e535.jpg,w_517a3bc
07860ce9.jpg,w_bbd9409
0797d002.jpg,w_6871147
07992508.jpg,w_0466071
079e4dad.jpg,w_2486665
07a2d97d.jpg,w_654a5bb
07a49e8f.jpg,w_4e52a49
07a58418.jpg,w_4e7fc3e
07a5d734.jpg,w_3320e76
07a7b921.jpg,w_cf3c233
07aa9e43.jpg,w_ad6edbe
07b68012.jpg,w_25fdcfb
07b74c39.jpg,w_a837660
07b7d9ca.jpg,w_d0e5d1d
07b8b278.jpg,w_0d39a68
07be1da5.jpg,w_b9c9129
07c0c8c2.jpg,w_ec354a5
07c2def7.jpg,w_b8f8e69
07c4cbbd.jpg,w_a7d4668
07c94f4a.jpg,w_a526492
07ca5dfa.jpg,w_44a6b62
07e96de0.jpg,w_7307089
07eee8cb.jpg,w_f0612be
07f13540.jpg,w_0b0d88d
07f4cb9a.jpg,w_df82632
08082d1f.jpg,w_9c5ed68
080897a7.jpg,w_f6086ac
080fd2a9.jpg,w_aeca19c
081a21e1.jpg,w_dbda0d6
081e9ebb.jpg,w_fba3bde
081ec076.jpg,w_c13a4e3
0820bf9e.jpg,w_1dc6d62
08245860.jpg,w_6d17527
08254c44.jpg,w_eb44149
082d754a.jpg,w_cd70e8b
08341514.jpg,w_41901e5
0841855c.jpg,w_7e841fa
08476cf8.jpg,w_60c5ba0
084a3e34.jpg,w_cf00b01
08527158.jpg,w_dcb4be9
08593f8e.jpg,w_a965f14
085e1213.jpg,w_9072f07
0868ded1.jpg,w_1489751
086b3f1f.jpg,w_e3c119c
0870fa6b.jpg,w_ba8c7bc
087495e6.jpg,w_ff70408
088cc3cc.jpg,w_98baff9
089ab9b8.jpg,w_50e125b
089f0ba9.jpg,w_639aed5
08a1088e.jpg,w_cd70e8b
08a3857b.jpg,w_bb2d34d
08a8809b.jpg,w_79774a5
08b158fd.jpg,w_77e1ae3
08b4be31.jpg,w_27da7aa
08b4e3a7.jpg,w_b074cdf
08b64b7c.jpg,w_d47e2e3
08b9dae5.jpg,w_90f5d3b
08c242be.jpg,w_98413c8
08d15c2a.jpg,w_7bcc2d6
08d31d59.jpg,w_40e3ee7
08d3778f.jpg,w_5126776
08ea7e5e.jpg,w_269b090
08f30112.jpg,w_92d55a6
08fc2ceb.jpg,w_95874a5
0900fbae.jpg,w_655bba3
0913e33a.jpg,w_9621342
09166955.jpg,w_8c3db0a
091dc8dc.jpg,w_2fcb559
09239cbc.jpg,w_bf4880a
092ddfd3.jpg,w_0b04c08
093d43ac.jpg,w_989fbbb
0942db2a.jpg,w_f792125
095e2b1a.jpg,w_b6c4efa
09657e55.jpg,w_c71bf0e
096a26de.jpg,w_6c803bf
096aa6d9.jpg,w_dbda0d6
096f4caa.jpg,w_2b443f8
09783e8c.jpg,w_290f82b
097f138b.jpg,w_9948a99
09824683.jpg,w_2b28681
09827e32.jpg,w_0a565c5
098da275.jpg,w_b1d054c
099035b0.jpg,w_d28208f
0993be71.jpg,w_c00534d
099d6571.jpg,w_87cb6bd
09a3fd95.jpg,w_57c14db
09a40708.jpg,w_6e742e5
09b39d03.jpg,w_3b5403b
09b893e6.jpg,w_4b7b80b
09cf3d9b.jpg,w_5c59d12
09e5ed31.jpg,w_fe96bef
09f70419.jpg,w_3278f8c
09f88db2.jpg,w_ce9b95e
0a0b2a01.jpg,w_0a0cf7d
0a0bc259.jpg,w_06b6f60
0a14e622.jpg,w_c786765
0a22ee49.jpg,w_7cca153
0a254aa7.jpg,w_9b401eb
0a29c0d2.jpg,w_7e5cc5e
0a341eef.jpg,w_613723e
0a342e77.jpg,w_8cf18ac
0a3b0493.jpg,w_0acce53
0a3b5971.jpg,w_33fc58d
0a3dbc55.jpg,w_8201aa8
0a4e0385.jpg,w_480b2d4
0a552569.jpg,w_462a117
0a5c0f48.jpg,w_a59905f
0a60ed9d.jpg,w_2811cea
0a68446c.jpg,w_71c7322
0a698a67.jpg,w_b678944
0a6be385.jpg,w_a913945
0a70aa2d.jpg,w_c622a3f
0a81a170.jpg,w_17136dc
0a904007.jpg,w_73d5489
0a96b20e.jpg,w_3cf3853
0a96d8c0.jpg,w_8963cff
0aa416d8.jpg,w_5624f08
0aa7b03e.jpg,w_5f68f56
0ab00a28.jpg,w_7104905
0acce63b.jpg,w_7554f44
0ae14ed7.jpg,w_8103039
0ae69f1e.jpg,w_ef89b72
0ae90da3.jpg,w_83e0203
0aef7efd.jpg,w_02c2248
0afa74a8.jpg,w_29c9595
0b0138cb.jpg,w_8533569
0b02fbcd.jpg,w_0e96943
0b101019.jpg,w_a533837
0b142906.jpg,w_f9d27ad
0b17a3bc.jpg,w_640f91d
0b1d25f5.jpg,w_a2a1378
0b1e39ff.jpg,w_0d48a7d
0b23f8c1.jpg,w_32037e2
0b255c73.jpg,w_48bcad8
0b31b634.jpg,w_8459e39
0b32e254.jpg,w_9d136ff
0b352859.jpg,w_f8e6546
0b43e675.jpg,w_eb0a6ed
0b4694ad.jpg,w_35c8057
0b4e02f3.jpg,w_58c3bf9
0b673ec4.jpg,w_70715c1
0b6f6990.jpg,w_693c9ee
0b708127.jpg,w_981a39b
0b7b7f00.jpg,w_1c2fb13
0b7dbf66.jpg,w_97f5054
0ba015bb.jpg,w_acee288
0ba20dd3.jpg,w_569c2c7
0ba82fe7.jpg,w_aaf443d
0ba97567.jpg,w_a1fe45d
0bab8224.jpg,w_fa32440
0bad785d.jpg,w_67e6b75
0baeeb07.jpg,w_3fffc61
0baf0dcb.jpg,w_505a141
0bc1562c.jpg,w_0ea659e
0bc17b0e.jpg,w_aa446ad
0bc48856.jpg,w_5e04db0
0bc914f7.jpg,w_b066aa6
0bcd5dea.jpg,w_347b648
0bd0a563.jpg,w_0899118
0bd8ff0b.jpg,w_f6d32e2
0bde3564.jpg,w_1eafe46
0be30752.jpg,w_2071a4c
0beb8899.jpg,w_6af9dd7
0c09bf79.jpg,w_849b126
0c0f34f2.jpg,w_f5cc2fd
0c1155bb.jpg,w_414f402
0c222bc2.jpg,w_7028d77
0c290363.jpg,w_b29214f
0c35fcb4.jpg,w_7028d77
0c38a6b4.jpg,w_4c9d3df
0c4f7a83.jpg,w_1090920
0c575867.jpg,w_ef2f0f0
0c589ccc.jpg,w_b074cdf
0c5de573.jpg,w_47d2bc6
0c6170eb.jpg,w_a646643
0c61dbc6.jpg,w_9967edd
0c64ae81.jpg,w_c13a4e3
0c6542fe.jpg,w_a21cc97
0c6aea15.jpg,w_5a6d315
0c6c9b3c.jpg,w_a21cc97
0c6eb67b.jpg,w_680e011
0c7e35b0.jpg,w_96c141f
0c814951.jpg,w_02fce90
0c85c12f.jpg,w_26dd948
0c86b603.jpg,w_d8f848c
0c8baedc.jpg,w_d224115
0c8def46.jpg,w_e0e133a
0ca67fe7.jpg,w_fcd8828
0ca843f9.jpg,w_5a0d250
0caa3541.jpg,w_dc89c4c
0cac8109.jpg,w_cece268
0cc88b7c.jpg,w_ba53619
0cca82c9.jpg,w_1274a11
0ccdded0.jpg,w_c103b25
0ccf9364.jpg,w_0d48a7d
0cdc3e24.jpg,w_b6a95e0
0ceba3ce.jpg,w_4ec7c66
0cef66af.jpg,w_f9a09c6
0cf59b47.jpg,w_6d274b2
0cf7c91e.jpg,w_6f580eb
0d01adda.jpg,w_07e92ee
0d06e4da.jpg,w_0853262
0d0840cf.jpg,w_ceffa10
0d10afed.jpg,w_851a7f4
0d17373d.jpg,w_49b425b
0d20a02f.jpg,w_1596a47
0d2110ff.jpg,w_398aa7f
0d21dc39.jpg,w_8a3449f
0d26960d.jpg,w_6992521
0d32dfc5.jpg,w_8fb79a2
0d45d434.jpg,w_3d0bc7a
0d4804fe.jpg,w_3f907d6
0d4e8a7e.jpg,w_9989964
0d614401.jpg,w_18a854b
0d62e654.jpg,w_b074f5e
0d6978c3.jpg,w_eff7e35
0d6c23c0.jpg,w_01c2cb0
0d6e8874.jpg,w_1e31d24
0d726185.jpg,w_a7d4668
0d8a9dda.jpg,w_8de6989
0d8cb5d6.jpg,w_3350425
0dab2960.jpg,w_3b0894d
0dacddec.jpg,w_3d0bc7a
0db4410f.jpg,w_ba39446
0dbbc244.jpg,w_a22afc6
0dc4a773.jpg,w_5c6215c
0dd07e82.jpg,w_83b2cab
0dd0edf4.jpg,w_94cd45e
0dd507d3.jpg,w_fd07344
0dd5c3ed.jpg,w_a837660
0df64f08.jpg,w_7ed3719
0df89aea.jpg,w_28ce17c
0df9e124.jpg,w_3c2ec7a
0dfa5cd6.jpg,w_2fd21ec
0e073d29.jpg,w_549fbeb
0e137419.jpg,w_823fcbb
0e13c663.jpg,w_23dce10
0e241828.jpg,w_ab161f7
0e2477a6.jpg,w_0793503
0e24fbcc.jpg,w_a34c992
0e267188.jpg,w_f4e0748
0e2bee83.jpg,w_77e1d3f
0e317827.jpg,w_eb0a6ed
0e400a28.jpg,w_4696a5a
0e46bc37.jpg,w_c2580ef
0e4e6449.jpg,w_63d10a1
0e5b550e.jpg,w_64d8a6d
0e5ce2da.jpg,w_b721e96
0e672fdd.jpg,w_66c1b54
0e6c8888.jpg,w_a0fc1a7
0e74c12b.jpg,w_2d29ddd
0e861f4b.jpg,w_b96d4e0
0e87967f.jpg,w_330f897
0e891ec9.jpg,w_f8c3a63
0e8c8c34.jpg,w_4855bd3
0e8ce258.jpg,w_9291cdf
0e923527.jpg,w_a5a13d0
0e9ccb74.jpg,w_9b4a5df
0e9ed45b.jpg,w_f546b0a
0ea56c4c.jpg,w_fa96a3d
0eb0a241.jpg,w_38e4aae
0ebcc0a9.jpg,w_3fc7f1e
0ec24624.jpg,w_3d12652
0ec2e3e8.jpg,w_b6301f8
0ef0f16e.jpg,w_d6e437d
0f257eb1.jpg,w_681dba6
0f611096.jpg,w_1c32062
0fa2da8f.jpg,w_97f5054
0fc584fc.jpg,w_a14ccaa
1096db60.jpg,w_c9e1cdc
11402db3.jpg,w_77e1d3f
1140d92c.jpg,w_685466f
114903fe.jpg,w_511c464
11b936ab.jpg,w_8c1ec28
11de8601.jpg,w_f18df18
11f6378a.jpg,w_fb94a5a
126e4422.jpg,w_e59a1f0
12764cf2.jpg,w_7c7a78c
1288c6eb.jpg,w_654a5bb
12a52f1e.jpg,w_6c803bf
12a7ea87.jpg,w_1596a47
12b9154a.jpg,w_f8e6546
12c67e49.jpg,w_38e4aae
12ed4d0a.jpg,w_b678944
13503533.jpg,w_1287fbc
135ce2b2.jpg,w_4e52a49
136c4d20.jpg,w_13c6b6b
1382e96f.jpg,w_f19faeb
13b9145e.jpg,w_44a6b62
13d23cf5.jpg,w_c622a3f
13d7baad.jpg,w_90f5d3b
13f88da0.jpg,w_98baff9
141eed20.jpg,w_fba3bde
142364d6.jpg,w_4b7b80b
145b601f.jpg,w_ceffa10
14992967.jpg,w_f4e0748
14da8bcd.jpg,w_6202983
14f8c2ec.jpg,w_95874a5
15bdbe1a.jpg,w_693c9ee
15ed7f1e.jpg,w_4c9d3df
15f5270e.jpg,w_1596a47
15ffb96b.jpg,w_d0e5d1d
161b722a.jpg,w_9ea2cc3
1630467f.jpg,w_aeca19c
16812a1e.jpg,w_8201aa8
169f97c9.jpg,w_7e5cc5e
173ffdef.jpg,w_b8f8e69
17767046.jpg,w_dbda0d6
178395e6.jpg,w_44a6b62
17e511e6.jpg,w_48bcad8
17e728c5.jpg,w_f18df18
182ec5b9.jpg,w_fa32440
183cc72b.jpg,w_bb2d34d
184cf2e4.jpg,w_296749b
188446bc.jpg,w_f19faeb
18a71917.jpg,w_bcb0696
192a4606.jpg,w_0de84f0
193ae7a0.jpg,w_5297ab3
19554520.jpg,w_e156c87
1974ae44.jpg,w_6202983
198de7b5.jpg,w_0466071
19cabba3.jpg,w_b942708
19e0037d.jpg,w_3d0bc7a
19e2b8fd.jpg,w_2071a4c
19e3cbdd.jpg,w_cae7677
1a36b244.jpg,w_9621342
1a9f2a01.jpg,w_5297ab3
1ac3567c.jpg,w_7104905
1ae3f511.jpg,w_95874a5
1b089ea6.jpg,w_4855bd3
1b23736c.jpg,w_a59905f
1b2d698e.jpg,w_6f580eb
1ba8fdf7.jpg,w_302af0a
1bfd386e.jpg,w_693c9ee
1c2e3696.jpg,w_da2efe0
1c4f6efe.jpg,w_fd1cb9d
1cbfb4e4.jpg,w_9ea2cc3
1d5bd8f0.jpg,w_3197568
1d8e06fb.jpg,w_fba3bde
1da442d8.jpg,w_2fd21ec
1e0d9e64.jpg,w_67de30b
1e5c6493.jpg,w_b96d4e0
1e976db7.jpg,w_73d5489
1ec5aebf.jpg,w_4855bd3
1f2913e3.jpg,w_1287fbc
1f36e7b8.jpg,w_4855bd3
1f9081d6.jpg,w_98baff9
1fa625f2.jpg,w_4fdaa2a
1fb990d1.jpg,w_f19faeb
1fbf0d71.jpg,w_613723e
1fce1ff8.jpg,w_40e3ee7
1fe58f01.jpg,w_48bcad8
1ffa9a00.jpg,w_c00534d
201864d7.jpg,w_886257d
202952b6.jpg,w_6c803bf
20594d9d.jpg,w_b96d4e0
2065a907.jpg,w_98baff9
2091af92.jpg,w_37dd956
20c0159d.jpg,w_1a70685
20f2aeb0.jpg,w_73d5489
21452666.jpg,w_1d53d9c
21725194.jpg,w_1febbf3
21dbd961.jpg,w_b074cdf
2217bebd.jpg,w_f19faeb
221a5122.jpg,w_f792125
2274f7f8.jpg,w_37dd956
227ac6ba.jpg,w_cae7677
22a9606a.jpg,w_fd1cb9d
22eb0560.jpg,w_fc433f7
23625ee7.jpg,w_73d5489
240180f3.jpg,w_77e1d3f
241c81e3.jpg,w_5dc1c2d
2426615c.jpg,w_fba3bde
2465b35b.jpg,w_8c1ec28
247a5f40.jpg,w_a59905f
248dd355.jpg,w_98baff9
2496a4a9.jpg,w_a965f14
24cd047f.jpg,w_b29214f
24f6e6c4.jpg,w_b678944
24fc4af0.jpg,w_9989964
25330ad1.jpg,w_4855bd3
25577809.jpg,w_fd1cb9d
256e3c20.jpg,w_a14ccaa
25910b6f.jpg,w_0e7cb1c
25a938fb.jpg,w_9948a99
25cc33d1.jpg,w_511c464
25e1fd5f.jpg,w_4be8a3e
25e4186d.jpg,w_eec1133
2670777e.jpg,w_711aaa1
276568b5.jpg,w_0f16be3
2767386a.jpg,w_2863d51
27ea48a8.jpg,w_8459e39
27fecff5.jpg,w_aa7a302
28405ee2.jpg,w_1eafe46
28781a20.jpg,w_5c62a56
28909643.jpg,w_392bee3
28fe2871.jpg,w_1eafe46
28ff06e7.jpg,w_da2efe0
2905ccf8.jpg,w_0e96943
294ddef1.jpg,w_eff7e35
29b159bd.jpg,w_7c7a78c
29bed7ef.jpg,w_480b2d4
2a1694a4.jpg,w_0ead9d7
2a2ecd4b.jpg,w_a18d0dc
2a52458f.jpg,w_fd1cb9d
2a6a2abe.jpg,w_6202983
2a9a0827.jpg,w_8ba2066
2ae84e50.jpg,w_6af9dd7
2af4d9b7.jpg,w_fea7fe6
2b354b5d.jpg,w_13c6b6b
2b5634b6.jpg,w_fba3bde
2be145b2.jpg,w_eec1133
2c2a91c0.jpg,w_1a229eb
2c3889d4.jpg,w_0f54cdf
2c3b34a3.jpg,w_1287fbc
2c3e707c.jpg,w_a837660
2c414635.jpg,w_ba39446
2c4813a1.jpg,w_1287fbc
2c4b238b.jpg,w_e3c119c
2c70f875.jpg,w_b34793e
2c9b953c.jpg,w_c11932e
2cc4e686.jpg,w_0b04c08
2cf384f7.jpg,w_1eafe46
2cf825b8.jpg,w_9b401eb
2d1f2fd3.jpg,w_da2efe0
2dc1642d.jpg,w_f19faeb
2e3d5871.jpg,w_b9ee5ec
2e9d2677.jpg,w_71c7322
2ea9de7a.jpg,w_ba53619
2f1b1a58.jpg,w_53859b2
2f45cc3f.jpg,w_98baff9
2f67d035.jpg,w_1a70685
2f7f3636.jpg,w_8ba2066
2fbfd185.jpg,w_b9c9129
2fd57631.jpg,w_4c9d3df
2fdd14f7.jpg,w_fd1cb9d
300806a1.jpg,w_569c2c7
301d296b.jpg,w_95874a5
3033ec6e.jpg,w_392bee3
3050c5de.jpg,w_eb0a6ed
3054d682.jpg,w_0acce53
30c0f272.jpg,w_9ea2cc3
30f713df.jpg,w_aeca19c
30fd58e5.jpg,w_5c6215c
3109f101.jpg,w_e3c119c
31445067.jpg,w_3621c49
3165dbbe.jpg,w_b678944
319c1aa8.jpg,w_2d29ddd
31f67427.jpg,w_95874a5
3211e4c2.jpg,w_4d358e5
322400fe.jpg,w_9ea2cc3
323aa1f6.jpg,w_96c141f
3322aa7c.jpg,w_b29214f
33374e14.jpg,w_2850471
33bdda74.jpg,w_94e1ed4
3440deea.jpg,w_d88328d
34486500.jpg,w_b074cdf
3450cdef.jpg,w_d88328d
346f16c9.jpg,w_654a5bb
34881b32.jpg,w_9b401eb
34cda315.jpg,w_1a229eb
34f1fcc2.jpg,w_8459e39
3503121d.jpg,w_fa32440
352d8e07.jpg,w_a2eb1bb
3535398b.jpg,w_6e8486d
3551fc12.jpg,w_d6a6360
356a0f87.jpg,w_711aaa1
3570b0ec.jpg,w_c708776
35748783.jpg,w_e74980b
35c8e1ba.jpg,w_989fbbb
35dbbdd4.jpg,w_3b0894d
360be140.jpg,w_c622a3f
36165858.jpg,w_5c6215c
362218d3.jpg,w_2071a4c
36e45ae5.jpg,w_511c464
3702efff.jpg,w_2a939eb
372b6a7c.jpg,w_a2a1378
37b38907.jpg,w_2fe43c7
37ba390e.jpg,w_4fd48e7
3828532e.jpg,w_693c9ee
38313189.jpg,w_222dcb7
383eb5a3.jpg,w_7554f44
38769ba1.jpg,w_693c9ee
38bdae1b.jpg,w_47d2bc6
38ee81ee.jpg,w_fa32440
395aa4d6.jpg,w_bc8d634
395eafc8.jpg,w_53859b2
396831f2.jpg,w_654a5bb
39885be8.jpg,w_5b99089
39bb43c9.jpg,w_f18df18
39dc989e.jpg,w_398aa7f
39ff73b1.jpg,w_a59905f
3a010137.jpg,w_b6a95e0
3a32c24d.jpg,w_18df014
3a659e09.jpg,w_98baff9
3ae7b2e7.jpg,w_c9e1cdc
3bbb907b.jpg,w_73d5489
3c2540c3.jpg,w_86b3de4
3c5412bd.jpg,w_7c7a78c
3cb1fd98.jpg,w_9b401eb
3cb6e88b.jpg,w_1eafe46
3cdd7fa7.jpg,w_1287fbc
3cfd9ff7.jpg,w_9b401eb
3d08992f.jpg,w_5c07f42
3d529924.jpg,w_b729b1f
3d5c10fd.jpg,w_3197568
3db2b50d.jpg,w_da2efe0
3dc50b96.jpg,w_6d17527
3dcfa55e.jpg,w_693c9ee
3e504464.jpg,w_33fc58d
3e69d7da.jpg,w_2863d51
3e7393ae.jpg,w_8de6989
3e793658.jpg,w_1d53d9c
3ee9b8b3.jpg,w_6c803bf
3f0d6114.jpg,w_9948a99
3f3703f5.jpg,w_f8e6546
3f461c80.jpg,w_a59905f
3f4cf803.jpg,w_13c6b6b
3fc798e8.jpg,w_0d39a68
3fd23941.jpg,w_1eafe46
3fed5a16.jpg,w_79cde72
400f59b3.jpg,w_8c1ec28
40172c0d.jpg,w_9b401eb
4032a5d9.jpg,w_a533837
40507133.jpg,w_ba8c7bc
4083d9fe.jpg,w_392bee3
408cc669.jpg,w_c00534d
40abf606.jpg,w_1287fbc
40f298b5.jpg,w_8464638
414cb204.jpg,w_cd70e8b
417fa931.jpg,w_95874a5
4198fd56.jpg,w_4b7b80b
42025982.jpg,w_0b04c08
4222baf2.jpg,w_dbda0d6
4222f7dc.jpg,w_7554f44
4235f9c3.jpg,w_eb0a6ed
42530ad2.jpg,w_6c803bf
427ecca7.jpg,w_b074cdf
42a288b9.jpg,w_0a71e87
42d0ab1b.jpg,w_656afeb
4330d0fb.jpg,w_9ae554b
433a6400.jpg,w_73d5489
4390f29c.jpg,w_778ee6e
43fbabbb.jpg,w_2071a4c
440d5063.jpg,w_cae7677
441fc875.jpg,w_f19faeb
443f0371.jpg,w_c00534d
445c2164.jpg,w_1287fbc
44dc9e60.jpg,w_49b425b
44e50471.jpg,w_851a7f4
45147d9a.jpg,w_7ab1759
4531db47.jpg,w_eec1133
45c240e6.jpg,w_cae7677
4604b292.jpg,w_1287fbc
464abd87.jpg,w_0e96943
467e4991.jpg,w_7554f44
46803722.jpg,w_613723e
46aaf056.jpg,w_4e68ddc
46ed6998.jpg,w_47d2bc6
4714fef3.jpg,w_b14007c
4721b2f7.jpg,w_f8e6546
475b2bd2.jpg,w_4e52a49
476f249a.jpg,w_3197568
47e1192d.jpg,w_1eafe46
48267b4b.jpg,w_a913945
48de3384.jpg,w_ef2f0f0
4912deea.jpg,w_b688397
492df8b4.jpg,w_6ba46a1
496b52ff.jpg,w_98baff9
4996b7bc.jpg,w_35c8057
49a20cb8.jpg,w_98baff9
49f27fad.jpg,w_71c7322
49f2db76.jpg,w_bc62c0e
4a1dee2d.jpg,w_0d48a7d
4a87024c.jpg,w_693c9ee
4b0a8aa3.jpg,w_97f5054
4b2151f2.jpg,w_1eafe46
4b3a8094.jpg,w_b066aa6
4b4f703d.jpg,w_8c1ec28
4bc0b1fe.jpg,w_73d5489
4bd6b6f9.jpg,w_b318111
4be83bb0.jpg,w_fba3bde
4c1ee11f.jpg,w_b6c4efa
4c2a232b.jpg,w_18df014
4c65a798.jpg,w_0b3b659
4cb5e618.jpg,w_0d39a68
4cb79ce5.jpg,w_8de6989
4cf1386d.jpg,w_dbda0d6
4d818204.jpg,w_d47e2e3
4df42083.jpg,w_f19faeb
4dfbfb4f.jpg,w_7554f44
4e0bb1b2.jpg,w_44a6b62
4e20a16e.jpg,w_fd1cb9d
4e516705.jpg,w_d6e437d
4ea1d33f.jpg,w_7c7a78c
4ebcbc3f.jpg,w_28ce17c
4ec53c22.jpg,w_47d2bc6
4f133205.jpg,w_a91b997
4f2068fc.jpg,w_fd1cb9d
4f5dd72e.jpg,w_fd1cb9d
4fbec9af.jpg,w_8c1ec28
4fc7d00c.jpg,w_ab6db0f
500fa998.jpg,w_da63cba
50228e30.jpg,w_79b42cd
502c2aeb.jpg,w_90f5d3b
5035ed51.jpg,w_dbda0d6
5071f674.jpg,w_8201aa8
5078e9d1.jpg,w_95874a5
50adb480.jpg,w_2fe43c7
50b62a8e.jpg,w_d3c8520
511d1b7d.jpg,w_94cd45e
5122d0c7.jpg,w_fa96a3d
514cf008.jpg,w_1287fbc
519a0e8a.jpg,w_9c5ed68
519a8325.jpg,w_13c6b6b
5233abbc.jpg,w_a5a13d0
523fb23e.jpg,w_9ae554b
5244c139.jpg,w_4fd48e7
527461f4.jpg,w_ef89b72
52d3e004.jpg,w_2b443f8
52e77268.jpg,w_654a5bb
52f7efa2.jpg,w_5a0d250
53519e8d.jpg,w_fea7fe6
53c207cf.jpg,w_94cd45e
53ccd15c.jpg,w_1dff010
53edaf31.jpg,w_8c1ec28
5491a024.jpg,w_25871da
54c9b3ed.jpg,w_98baff9
54d6179b.jpg,w_fd07344
551396bb.jpg,w_eb0a6ed
55172674.jpg,w_fba3bde
5530c55a.jpg,w_7276f4b
557387cb.jpg,w_b96d4e0
55852568.jpg,w_66c1b54
5596e225.jpg,w_886257d
55aa7fa8.jpg,w_b066aa6
55d40209.jpg,w_94e1ed4
55dca6a9.jpg,w_67de30b
56687e48.jpg,w_67de30b
5684d809.jpg,w_6f580eb
56bf66a8.jpg,w_73d5489
56eb1021.jpg,w_693c9ee
570e93bf.jpg,w_66c1b54
576eb384.jpg,w_a14ccaa
57831620.jpg,w_6c803bf
57c48b77.jpg,w_398aa7f
57c4b915.jpg,w_bb2d34d
57ea3876.jpg,w_ec354a5
581c8a58.jpg,w_a965f14
5836ee51.jpg,w_8cf18ac
58f9e3d3.jpg,w_da0b8b5
59278e06.jpg,w_b83b069
59b5781f.jpg,w_bb2d34d
59d3506a.jpg,w_dbda0d6
59d602a4.jpg,w_1eafe46
5a34ae6c.jpg,w_90f5d3b
5a54ab49.jpg,w_fd1cb9d
5a6291f9.jpg,w_9b401eb
5a900d7d.jpg,w_70715c1
5ab8c69a.jpg,w_cae7677
5b01f303.jpg,w_9d136ff
5b4a682d.jpg,w_1a70685
5b8884bd.jpg,w_63d10a1
5bba3adb.jpg,w_a59905f
5bc7b50b.jpg,w_eb0a6ed
5cd2b1d5.jpg,w_693c9ee
5ce1fb58.jpg,w_dc89c4c
5ce3d86a.jpg,w_18a854b
5ceaabc1.jpg,w_0de84f0
5d055a11.jpg,w_3d0bc7a
5d72e57d.jpg,w_569c2c7
5d9fece1.jpg,w_98baff9
5e7cdee9.jpg,w_cf00b01
5f207948.jpg,w_a21cc97
5f3e8998.jpg,w_1dff010
5f7a514b.jpg,w_25871da
5f883b5d.jpg,w_778ee6e
5f8f9164.jpg,w_7c7a78c
5f943860.jpg,w_f19faeb
5fe11dcd.jpg,w_656afeb
605f6ed6.jpg,w_4c9d3df
60b2b462.jpg,w_da0b8b5
60dc9e20.jpg,w_ad8bc47
60e4e1f9.jpg,w_1eafe46
61082626.jpg,w_307065e
613539b4.jpg,w_53859b2
61e0678c.jpg,w_97f5054
627d41e8.jpg,w_6d274b2
634a621e.jpg,w_7554f44
63644a5e.jpg,w_693c9ee
636e2e2e.jpg,w_a59905f
637683b5.jpg,w_6202983
63b77047.jpg,w_1596a47
63c18173.jpg,w_a646643
643ae182.jpg,w_f19faeb
643b8c32.jpg,w_50db782
6463bb30.jpg,w_3aa2073
64d74ec8.jpg,w_c9e1cdc
6530809b.jpg,w_ba53619
6581f831.jpg,w_1c32062
6589835f.jpg,w_4e68ddc
65c8a8a1.jpg,w_a18d0dc
661eb202.jpg,w_c9e1cdc
6638fd60.jpg,w_26dd948
667a6ea6.jpg,w_3b0894d
66aa7bee.jpg,w_eb0a6ed
6735d573.jpg,w_b074cdf
67595b14.jpg,w_41fa033
67622472.jpg,w_73cbacd
67d13532.jpg,w_4e7fc3e
67eea0b7.jpg,w_dbda0d6
67f88e3e.jpg,w_778ee6e
6887e09f.jpg,w_18a1bf2
68e728c6.jpg,w_47d2bc6
691bd223.jpg,w_a59905f
694845ba.jpg,w_1eafe46
697705f2.jpg,w_98baff9
69a52aa0.jpg,w_fba3bde
69c792a7.jpg,w_a22afc6
6a179092.jpg,w_2a939eb
6a1979b5.jpg,w_13c6b6b
6a1edcf7.jpg,w_3cf3853
6a3fac3f.jpg,w_50db782
6a3fc79d.jpg,w_a59905f
6a7542ac.jpg,w_7c7a78c
6a89c1a0.jpg,w_3b0894d
6acdcb00.jpg,w_eff7e35
6b7d9349.jpg,w_ff70408
6b87ac87.jpg,w_7c7a78c
6bc03788.jpg,w_d6a6360
6bc32ac5.jpg,w_4b7b80b
6bf83e19.jpg,w_6c803bf
6c0ac3c5.jpg,w_656afeb
6c1f7e3f.jpg,w_f8c3a63
6c3acbcc.jpg,w_1489751
6c5b7a1a.jpg,w_680e011
6ca26bb1.jpg,w_e6ec8ee
6ccdd299.jpg,w_fa32440
6cde852f.jpg,w_3621c49
6ceea38b.jpg,w_a7d4668
6d09c20c.jpg,w_1489751
6d37a125.jpg,w_cf00b01
6d5e2850.jpg,w_a21cc97
6d82e3d0.jpg,w_1287fbc
6dd43cff.jpg,w_693c9ee
6df48636.jpg,w_f18df18
6e38b2eb.jpg,w_c622a3f
6eb7c487.jpg,w_ff7630a
6ee7622f.jpg,w_d6a6360
6f1d27f6.jpg,w_cae7677
6f3b1c6d.jpg,w_da2efe0
6f4a3b50.jpg,w_b678944
6f591a74.jpg,w_1a229eb
6f660c6d.jpg,w_2b443f8
6f6d346d.jpg,w_4855bd3
6fb10498.jpg,w_d96a0cd
6fc27e1e.jpg,w_eb0a6ed
70003a8f.jpg,w_1894a1c
70212654.jpg,w_73d5489
70500182.jpg,w_f19faeb
70500cf8.jpg,w_b34793e
70577256.jpg,w_6202983
7060ba65.jpg,w_1287fbc
70944341.jpg,w_12c3d3d
70953372.jpg,w_63d10a1
70b613f0.jpg,w_a533837
70b80b95.jpg,w_dc89c4c
70cd3cf2.jpg,w_5c07f42
70ceeeff.jpg,w_693c9ee
70f837d6.jpg,w_a526492
7102081d.jpg,w_44a6b62
71053f5a.jpg,w_5624f08
710942cc.jpg,w_d88328d
717554b6.jpg,w_6af9dd7
717bb12f.jpg,w_656afeb
71a4fc90.jpg,w_1287fbc
72046206.jpg,w_4e68ddc
720e65ad.jpg,w_0a71e87
7287abd0.jpg,w_a5a13d0
729c29a5.jpg,w_38e4aae
72bd91d0.jpg,w_bbd9409
72e74903.jpg,w_b678944
72ef4e0f.jpg,w_1a70685
734d181a.jpg,w_18a854b
737a5429.jpg,w_f8e6546
738fb42a.jpg,w_1287fbc
73b6d0f1.jpg,w_9ea2cc3
73ebf993.jpg,w_a526492
7405ab36.jpg,w_693c9ee
742034ab.jpg,w_6202983
746f83a9.jpg,w_ec354a5
7471f867.jpg,w_f4e0748
7491fdcb.jpg,w_fd07344
74a7338a.jpg,w_a59905f
74c3f10a.jpg,w_a66b2a5
7570842e.jpg,w_d88328d
7598c6cb.jpg,w_2486665
75bd19cd.jpg,w_a59905f
75ea45c4.jpg,w_7554f44
75fcff8c.jpg,w_ad6edbe
76021b49.jpg,w_c11932e
764be8b6.jpg,w_9ea2cc3
768a1cf7.jpg,w_db0ad01
76b6f960.jpg,w_6af9dd7
76d6df54.jpg,w_d224115
770d66d1.jpg,w_0324b97
77c9cd3b.jpg,w_6c803bf
77f079aa.jpg,w_b678944
7808700d.jpg,w_1489751
78222036.jpg,w_dbda0d6
7867e3f4.jpg,w_4c9d3df
786e218d.jpg,w_58c3bf9
7871e1dd.jpg,w_ab6db0f
787d8ea7.jpg,w_4e68ddc
78832a09.jpg,w_dbda0d6
788b89ef.jpg,w_462a117
78b5a23a.jpg,w_f4e0748
78c06fcd.jpg,w_1a70685
78c68f5a.jpg,w_98baff9
79425fc8.jpg,w_3cf3853
7962e1cc.jpg,w_c9e1cdc
798d2066.jpg,w_1eafe46
798e0c06.jpg,w_d88328d
79bb7b6d.jpg,w_8459e39
7a730b50.jpg,w_5e04db0
7a8d8b83.jpg,w_ba8c7bc
7a99c7df.jpg,w_4fd48e7
7aabe8ba.jpg,w_7554f44
7abb98a1.jpg,w_7554f44
7b013fb0.jpg,w_8c3db0a
7b387280.jpg,w_fd1cb9d
7b6a94b8.jpg,w_fd1cb9d
7b748671.jpg,w_e3b2cfa
7ba99b5a.jpg,w_b074cdf
7c2907b2.jpg,w_654a5bb
7c86fdd1.jpg,w_d88328d
7c9f03ad.jpg,w_44a6b62
7caff33a.jpg,w_44f66a7
7cb80b4b.jpg,w_18df014
7cbdeefe.jpg,w_d47e2e3
7cbee29e.jpg,w_b066aa6
7ce72585.jpg,w_5384c57
7cf99855.jpg,w_73d5489
7dd8602d.jpg,w_398aa7f
7dea57a7.jpg,w_28ce17c
7df2a97d.jpg,w_28ce17c
7e22aca7.jpg,w_da63cba
7eabb2f1.jpg,w_1596a47
7ecb206c.jpg,w_d1bbde9
7f17d915.jpg,w_b6efe77
7f19b200.jpg,w_af67683
7f323593.jpg,w_3197568
7f60c0a8.jpg,w_968f2ca
7f6401f9.jpg,w_968f2ca
7f7702dc.jpg,w_53859b2
7fa7e58a.jpg,w_23dce10
7fce2c3f.jpg,w_4e52a49
8024668f.jpg,w_4c9d3df
8087f977.jpg,w_12c3d3d
81003525.jpg,w_c0cfd5b
815d7663.jpg,w_eb0a6ed
8173f55b.jpg,w_95874a5
819832c0.jpg,w_eb8429c
81b114b9.jpg,w_c9e1cdc
822a934a.jpg,w_6c2d7ea
8274547a.jpg,w_8c1ec28
827a007f.jpg,w_2fd21ec
82987a45.jpg,w_da2efe0
82d68445.jpg,w_2fe43c7
82f69c09.jpg,w_1dff010
83019e12.jpg,w_fba3bde
8305abbf.jpg,w_1287fbc
830aa828.jpg,w_94e1ed4
830efd45.jpg,w_98baff9
8327be2a.jpg,w_b6efe77
838a75d5.jpg,w_d1bbde9
83ca8382.jpg,w_9d5f5cc
83dc3b84.jpg,w_462a117
83feda91.jpg,w_cf00b01
84074a3b.jpg,w_693c9ee
840a6b0a.jpg,w_a2a1378
840c95a1.jpg,w_9948a99
8467d731.jpg,w_73d5489
84905fba.jpg,w_f19faeb
84addbe0.jpg,w_3b5403b
84e9fc47.jpg,w_886257d
85475f9f.jpg,w_fd1cb9d
865a6f08.jpg,w_d28208f
865f3da2.jpg,w_fd1cb9d
8692887e.jpg,w_5b99089
86bbdb3f.jpg,w_32037e2
86bf0251.jpg,w_33909b8
86e00b40.jpg,w_eb0a6ed
87050167.jpg,w_a2eb1bb
8707c095.jpg,w_b9ee5ec
871d522d.jpg,w_1287fbc
87373984.jpg,w_b96d4e0
87649728.jpg,w_1287fbc
87af9567.jpg,w_8c1ec28
87cb279c.jpg,w_95874a5
88032988.jpg,w_f19faeb
883796e8.jpg,w_5dc1c2d
886eee31.jpg,w_a22afc6
88d7abf3.jpg,w_f8e6546
8954ce64.jpg,w_cae7677
8a0c52c4.jpg,w_fd1cb9d
8a445028.jpg,w_bb2d34d
8a5d512d.jpg,w_07e92ee
8a7e268a.jpg,w_c786765
8ab4077d.jpg,w_1eafe46
8ae4e714.jpg,w_1eafe46
8b419ccb.jpg,w_f19faeb
8b77f5ac.jpg,w_1dc6d62
8b8cb52a.jpg,w_7554f44
8b9ae545.jpg,w_1274a11
8bef9b79.jpg,w_92d55a6
8bf43937.jpg,w_b729b1f
8c572599.jpg,w_13c6b6b
8c99c43f.jpg,w_6d17527
8cc05900.jpg,w_7554f44
8cd71ca5.jpg,w_94cd45e
8ce76469.jpg,w_95874a5
8d31cd20.jpg,w_02c2248
8d46d9f9.jpg,w_3f907d6
8d5e209f.jpg,w_fd1cb9d
8dacbb30.jpg,w_7554f44
8dcf9b31.jpg,w_97f5054
8e0afd41.jpg,w_1eafe46
8e11da15.jpg,w_9b401eb
8e57ce1b.jpg,w_ab161f7
8f099afa.jpg,w_b942708
8f1fb719.jpg,w_1287fbc
8f2b69b8.jpg,w_1287fbc
8f37e202.jpg,w_bb2d34d
8f49eb59.jpg,w_8103039
8f62eea0.jpg,w_b96d4e0
8f6e2cef.jpg,w_5b99089
8f7c3608.jpg,w_7c7a78c
8fd09177.jpg,w_4b1fad6
8fe14533.jpg,w_6c803bf
9046f572.jpg,w_67de30b
9051d067.jpg,w_2fe43c7
905fb55b.jpg,w_97f5054
90a773f8.jpg,w_0d39a68
90b251c3.jpg,w_6202983
90f83487.jpg,w_9989964
90fa288c.jpg,w_9b401eb
91052943.jpg,w_1287fbc
911bec85.jpg,w_330f897
913dd895.jpg,w_dbda0d6
9150ea8a.jpg,w_97f5054
9165de1e.jpg,w_bb2d34d
91699de9.jpg,w_d88328d
917f8329.jpg,w_3d0bc7a
91885aec.jpg,w_8ba2066
91a135b5.jpg,w_93bf889
91b2b0a0.jpg,w_bf4880a
91b4847f.jpg,w_2fd21ec
91b704dc.jpg,w_1287fbc
92b9b101.jpg,w_0d48a7d
92bd7a49.jpg,w_6c803bf
92e33de7.jpg,w_dbda0d6
933be6ce.jpg,w_1a70685
9370c6ce.jpg,w_a18d0dc
938e8146.jpg,w_67de30b
93ea28b4.jpg,w_6e8486d
9418dd8e.jpg,w_e158680
943797a6.jpg,w_f19faeb
9439664d.jpg,w_8ba2066
94752c55.jpg,w_1eafe46
94d6361d.jpg,w_778ee6e
950c5db1.jpg,w_7554f44
9523828c.jpg,w_fd07344
9549d833.jpg,w_6c803bf
95ae6f54.jpg,w_c0cfd5b
95c1e9a3.jpg,w_41901e5
95e97b79.jpg,w_35c8057
9659141c.jpg,w_656afeb
972b029d.jpg,w_96b697f
9738a780.jpg,w_4b7b80b
973d410c.jpg,w_d96a0cd
974dc5fc.jpg,w_96c141f
97548eb5.jpg,w_8103039
97791473.jpg,w_e3c119c
977ca1a7.jpg,w_ccca0db
97b22b18.jpg,w_9ea2cc3
97f7fb07.jpg,w_1287fbc
97fbfa22.jpg,w_18a1bf2
983837e4.jpg,w_93bf889
985c9b9a.jpg,w_3d12652
986ac34b.jpg,w_b34793e
9947d920.jpg,w_5a6d315
999872f9.jpg,w_cae7677
99d708ca.jpg,w_ceffa10
9a3e3226.jpg,w_693c9ee
9a9c1717.jpg,w_cae7677
9a9e1ef5.jpg,w_b074cdf
9aa9188e.jpg,w_2fe43c7
9ac5ba2c.jpg,w_d88328d
9b395fc7.jpg,w_c9e1cdc
9bdc7d52.jpg,w_6202983
9c055a72.jpg,w_654a5bb
9c1b2df0.jpg,w_a4f77bd
9c318792.jpg,w_1489751
9c89bb57.jpg,w_1eafe46
9cde75d8.jpg,w_98baff9
9d2cf6ab.jpg,w_5cb5fc3
9d4ec8e6.jpg,w_a837660
9d6aba0d.jpg,w_67de30b
9dbf9bfc.jpg,w_693c9ee
9e54b96c.jpg,w_f8e6546
9e8537e1.jpg,w_7cca153
9ea2284f.jpg,w_4e52a49
9f0663ef.jpg,w_e3c119c
9f1d3540.jpg,w_bc8d634
9f24f879.jpg,w_6e8486d
9f982966.jpg,w_a18d0dc
9fec01e1.jpg,w_c71bf0e
a04eedce.jpg,w_2071a4c
a10c9417.jpg,w_681dba6
a1180184.jpg,w_fba3bde
a1513532.jpg,w_ba8c7bc
a15a4cf7.jpg,w_5c6215c
a15de001.jpg,w_98baff9
a176d744.jpg,w_4fd48e7
a1dc28be.jpg,w_18df014
a21c2e72.jpg,w_654a5bb
a26f9dbd.jpg,w_886257d
a2795cc7.jpg,w_7554f44
a28721d2.jpg,w_4e52a49
a2aff525.jpg,w_b688397
a315b49b.jpg,w_f18df18
a31da59f.jpg,w_38e4aae
a389d357.jpg,w_414f402
a3b278af.jpg,w_95874a5
a3ce30c6.jpg,w_fa32440
a3f2668f.jpg,w_c0cfd5b
a40da07c.jpg,w_da2efe0
a449ace8.jpg,w_1eafe46
a49e0931.jpg,w_18a854b
a4d8ca2d.jpg,w_38e4aae
a4f8b446.jpg,w_95874a5
a52437e5.jpg,w_6c803bf
a575a5d8.jpg,w_c926fc3
a579a6b1.jpg,w_5f68f56
a584067a.jpg,w_66c1b54
a5b67e0d.jpg,w_9ea2cc3
a5dba0bc.jpg,w_3f907d6
a5e36602.jpg,w_9291cdf
a5fd21da.jpg,w_3b5403b
a6243966.jpg,w_f8e6546
a659155d.jpg,w_1a70685
a683afab.jpg,w_51969d2
a69abadc.jpg,w_1596a47
a69ada0d.jpg,w_67de30b
a6b00d23.jpg,w_b678944
a6c95797.jpg,w_f792125
a6d0e8a5.jpg,w_9b401eb
a6dc7463.jpg,w_fba3bde
a71aa07c.jpg,w_65e2424
a7933424.jpg,w_6af9dd7
a7b1a40d.jpg,w_9b401eb
a7c471d8.jpg,w_2d29ddd
a7d28984.jpg,w_1287fbc
a7dc6c84.jpg,w_5c62a56
a7dec0d7.jpg,w_656afeb
a7f86888.jpg,w_73d5489
a81e063c.jpg,w_cae7677
a87c4266.jpg,w_5c62a56
a8a7c4d2.jpg,w_fa32440
a8bec9ad.jpg,w_5297ab3
a8dc3377.jpg,w_1489751
a8fd2dc4.jpg,w_19ca2c6
a9522d8a.jpg,w_1a229eb
a9767dd2.jpg,w_95874a5
a9827190.jpg,w_a837660
a9f2532a.jpg,w_b074cdf
aa1569e8.jpg,w_f22f3e3
aa5a7140.jpg,w_462a117
aa8282dc.jpg,w_5b99089
aa897d21.jpg,w_511c464
aab954a0.jpg,w_8b22583
ab09fe21.jpg,w_a59905f
ab431ad0.jpg,w_6c803bf
ab7916f7.jpg,w_28ce17c
aba04a2d.jpg,w_fd1cb9d
aba31a94.jpg,w_7c6ad05
abd863e3.jpg,w_e3c119c
ac0beccb.jpg,w_fd1cb9d
ac0faa1a.jpg,w_57c14db
ac52bde7.jpg,w_95874a5
ac570b4f.jpg,w_95874a5
ac584f66.jpg,w_e3c119c
ac58e730.jpg,w_73d5489
ad019a08.jpg,w_b074cdf
ad1d09e3.jpg,w_2fd21ec
ad24a59c.jpg,w_aed023d
ad5cedb8.jpg,w_98baff9
ad6537f6.jpg,w_33fc58d
ad7a8f68.jpg,w_f19faeb
ad845e4e.jpg,w_693c9ee
ad8a0b2a.jpg,w_5384c57
ad93fef6.jpg,w_b729b1f
ad9f908f.jpg,w_302af0a
adbc0231.jpg,w_1d53d9c
adc5241f.jpg,w_66c1b54
adcf77fc.jpg,w_70715c1
ade0c465.jpg,w_5c6215c
ae67b7f2.jpg,w_6202983
ae8aa8b1.jpg,w_a646643
aef2e4f6.jpg,w_9b401eb
aefa9ca7.jpg,w_44f66a7
aefd69bd.jpg,w_7554f44
af057d8c.jpg,w_38e4aae
af1f53e5.jpg,w_71c7322
af21e604.jpg,w_fba3bde
af63bc1d.jpg,w_4b7b80b
af759290.jpg,w_1c2fb13
af7cbe5b.jpg,w_c13a4e3
af823c5a.jpg,w_1287fbc
af9895ae.jpg,w_a965f14
afc114b6.jpg,w_1dff010
afde58cd.jpg,w_a646643
affacaa3.jpg,w_9c5ed68
b002c2c3.jpg,w_da2efe0
b006cec6.jpg,w_7ef90f7
b01d4414.jpg,w_7554f44
b02e5613.jpg,w_7554f44
b0412f41.jpg,w_693c9ee
b0adaba8.jpg,w_77e1ae3
b0d3ae78.jpg,w_9b401eb
b0e799e0.jpg,w_a14ccaa
b141f1c1.jpg,w_4e52a49
b1485028.jpg,w_b9c9129
b1519624.jpg,w_569c2c7
b1701bcf.jpg,w_ff7630a
b1a9e79e.jpg,w_8c1ec28
b1b00b75.jpg,w_77e1d3f
b1faef42.jpg,w_a14ccaa
b247e203.jpg,w_1dff010
b300713b.jpg,w_b942708
b31889e2.jpg,w_eb0a6ed
b31b4c6b.jpg,w_4e68ddc
b34d7d5f.jpg,w_7049d9f
b3563500.jpg,w_ab6bb0a
b35cb9b8.jpg,w_da2efe0
b365c6e1.jpg,w_b729b1f
b3cc2187.jpg,w_7554f44
b3ddccca.jpg,w_9c5ed68
b41c1a55.jpg,w_af5d11a
b4280e92.jpg,w_17136dc
b430a36e.jpg,w_a1fe45d
b4442482.jpg,w_c00534d
b44c2902.jpg,w_2071a4c
b45cb8ed.jpg,w_f8e6546
b472b5a8.jpg,w_c0cfd5b
b4cf8b37.jpg,w_a31aa30
b5105526.jpg,w_23dce10
b521c619.jpg,w_fc433f7
b5661447.jpg,w_3c2ec7a
b5bed2ea.jpg,w_d47e2e3
b5f01672.jpg,w_1287fbc
b5f46cf1.jpg,w_bb2d34d
b63dabd3.jpg,w_656afeb
b6b66ef0.jpg,w_7c7a78c
b75616f1.jpg,w_67de30b
b75c4986.jpg,w_79b42cd
b7da90a5.jpg,w_a14ccaa
b89eaf81.jpg,w_b6c4efa
b915eeca.jpg,w_4114553
b9688c4b.jpg,w_ff70408
b987724d.jpg,w_dbf4e7f
b9b5fd2c.jpg,w_3278f8c
b9bcc14e.jpg,w_1eafe46
b9cce35d.jpg,w_aeca19c
ba8cd404.jpg,w_93bf889
bb1c9dd7.jpg,w_9c5ed68
bb20a037.jpg,w_ab6db0f
bb20cb4e.jpg,w_6d17527
bb4b13f1.jpg,w_6af9dd7
bb5af200.jpg,w_717a293
bb5edf46.jpg,w_7554f44
bb683c53.jpg,w_b066aa6
bbde5abb.jpg,w_33fc58d
bc018313.jpg,w_9ea2cc3
bc1afc2c.jpg,w_1596a47
bc3ab818.jpg,w_d6e437d
bc479acb.jpg,w_77e1d3f
bc768e7d.jpg,w_a526492
bca153b8.jpg,w_4b7b80b
bd077019.jpg,w_fea7fe6
bd19af72.jpg,w_1596a47
bd5a6dca.jpg,w_296749b
bd699c43.jpg,w_98baff9
bd912af5.jpg,w_da2efe0
bdcdff28.jpg,w_9b401eb
be0c9baf.jpg,w_4b7b80b
be2e8b7c.jpg,w_73d5489
be41e022.jpg,w_2a939eb
be504bb3.jpg,w_eec1133
be5543ca.jpg,w_90f5d3b
bed0b250.jpg,w_c00534d
beef6aa7.jpg,w_a59905f
bf4cf34e.jpg,w_fea7fe6
bfaf9e41.jpg,w_8e4abc9
bfc76005.jpg,w_b678944
bfc983ad.jpg,w_6c803bf
bfd0fc3d.jpg,w_5297ab3
c01afe46.jpg,w_fea7fe6
c0388c6d.jpg,w_c926fc3
c0838719.jpg,w_98baff9
c0d2147f.jpg,w_79b42cd
c0dc322d.jpg,w_a913945
c10a3c48.jpg,w_a965f14
c129f0de.jpg,w_5c07f42
c1858b6a.jpg,w_13c6b6b
c18a06e6.jpg,w_73d5489
c1c44589.jpg,w_8464638
c1d0bb19.jpg,w_2fd21ec
c1d4e37d.jpg,w_7028d77
c1e0d103.jpg,w_01c2cb0
c1f2d3a2.jpg,w_4c9d3df
c2433bed.jpg,w_711aaa1
c25b59a4.jpg,w_f546b0a
c26340b7.jpg,w_73d5489
c28e7910.jpg,w_98baff9
c2abdae8.jpg,w_2071a4c
c2c40bcd.jpg,w_fd1cb9d
c37390cf.jpg,w_bf4880a
c376b46c.jpg,w_dbda0d6
c3791ea1.jpg,w_b721e96
c3caa1d3.jpg,w_4e52a49
c3d5f724.jpg,w_511c464
c3f46dff.jpg,w_1a70685
c3f79fb4.jpg,w_9b401eb
c44d7750.jpg,w_dbda0d6
c4991496.jpg,w_d1bbde9
c4b0ed02.jpg,w_73d5489
c4b7e7db.jpg,w_38e4aae
c50b8426.jpg,w_0b04c08
c551386c.jpg,w_17136dc
c560225b.jpg,w_8c1ec28
c56231dc.jpg,w_4e52a49
c5629e60.jpg,w_eb0a6ed
c5efd13e.jpg,w_f19faeb
c694616d.jpg,w_c00534d
c6a7a682.jpg,w_c103b25
c6cf3c1c.jpg,w_6af9dd7
c717bc8b.jpg,w_1c32062
c72123ef.jpg,w_1287fbc
c75d9bca.jpg,w_da63cba
c771c3e2.jpg,w_414f402
c795c523.jpg,w_0ead9d7
c7996a54.jpg,w_7028d77
c7a3d69d.jpg,w_1eafe46
c7b52a6a.jpg,w_1596a47
c810f4eb.jpg,w_b074cdf
c90271ce.jpg,w_67de30b
c9185c1c.jpg,w_b942708
c968929b.jpg,w_1d53d9c
c97c3ae6.jpg,w_44a6b62
c9c3d82e.jpg,w_7554f44
ca361119.jpg,w_7028d77
ca39071f.jpg,w_1eafe46
ca6dcefd.jpg,w_f8e6546
cab6b343.jpg,w_3dd1a87
cab76d3c.jpg,w_6b82ccc
cad01d6f.jpg,w_4e52a49
cad7e79e.jpg,w_7554f44
cae6c3d6.jpg,w_b942708
cb306dae.jpg,w_b074cdf
cb618c38.jpg,w_cece268
cb66b893.jpg,w_66c1b54
cb6b11e9.jpg,w_1dff010
cb93a0b0.jpg,w_9ea2cc3
cbc40e82.jpg,w_1a229eb
cbcb418d.jpg,w_dc89c4c
cbd646f5.jpg,w_5384c57
cc6274ff.jpg,w_d47e2e3
cc657811.jpg,w_851a7f4
cc68d9f2.jpg,w_cae7677
cc979ad0.jpg,w_0899118
ccdbbafe.jpg,w_569c2c7
ccdcd6ee.jpg,w_cd22b23
ccfe85e0.jpg,w_b942708
cd181d51.jpg,w_09d7946
cd583fcd.jpg,w_4b7b80b
cd656086.jpg,w_77e1d3f
cdd2705b.jpg,w_1a229eb
ce3fec37.jpg,w_a91b997
ce4b28f1.jpg,w_e05ee50
ce6abadc.jpg,w_1287fbc
ce8f7594.jpg,w_ff7630a
cea920d9.jpg,w_b4369cc
ced3ed6d.jpg,w_f8e6546
cee21008.jpg,w_73d5489
cefa47d6.jpg,w_95874a5
cf1b288e.jpg,w_b678944
cf35fe57.jpg,w_7554f44
cf5c4d4a.jpg,w_cd22b23
d029ff80.jpg,w_98baff9
d02b1784.jpg,w_1287fbc
d040e670.jpg,w_1287fbc
d04d0fb8.jpg,w_98baff9
d07bb837.jpg,w_505a141
d0d900ac.jpg,w_bb2d34d
d121d194.jpg,w_1029f4e
d1502267.jpg,w_6202983
d1dde02e.jpg,w_e158680
d1fc97c1.jpg,w_98baff9
d20e7a91.jpg,w_6af9dd7
d271f15d.jpg,w_1d53d9c
d2a2a406.jpg,w_6c2d7ea
d2c8bd2d.jpg,w_6d17527
d2f78dc1.jpg,w_b2d937a
d37fe2ad.jpg,w_693c9ee
d38950c4.jpg,w_cae7677
d3af29e6.jpg,w_38e4aae
d3b2bfbd.jpg,w_c11932e
d3b7513e.jpg,w_98baff9
d3bcc881.jpg,w_67de30b
d4dd3d8e.jpg,w_92d55a6
d55da77b.jpg,w_ab6db0f
d576c13d.jpg,w_3aa2073
d58742d5.jpg,w_2b28681
d5e1a24e.jpg,w_eb8429c
d60832ab.jpg,w_4fd48e7
d609c7a2.jpg,w_94cd45e
d69146c9.jpg,w_307065e
d71be0d5.jpg,w_1a70685
d723be72.jpg,w_680e011
d7adcb59.jpg,w_15d7ecf
d7c9a260.jpg,w_9948a99
d7d4e089.jpg,w_bc62c0e
d80c93c2.jpg,w_6af9dd7
d85a2a20.jpg,w_9b401eb
d85ce84f.jpg,w_b6c4efa
d86f3fec.jpg,w_98baff9
d8d54d16.jpg,w_f8e6546
d8daa456.jpg,w_654a5bb
d8e3cd8a.jpg,w_aa7a302
d8eb38fe.jpg,w_b678944
d8f8c1e1.jpg,w_1274a11
d9385858.jpg,w_c9e1cdc
d9c35b01.jpg,w_2071a4c
d9cfc6dd.jpg,w_97f5054
da5b3e82.jpg,w_dee6441
daaf34f5.jpg,w_1dff010
dafed735.jpg,w_3d0bc7a
db12aa57.jpg,w_04c1951
db147df2.jpg,w_1287fbc
db276301.jpg,w_7554f44
dbc0bd88.jpg,w_8b22583
dbc23cf3.jpg,w_67de30b
dbcdd8b1.jpg,w_f9a09c6
dbd5650d.jpg,w_77e1ae3
dc020cda.jpg,w_398aa7f
dc0c4961.jpg,w_0853262
dc2bc109.jpg,w_73d5489
dc3f455e.jpg,w_2071a4c
dc51bb8c.jpg,w_0a565c5
dc582079.jpg,w_7c7a78c
dc79e75f.jpg,w_ba8c7bc
dc7b1165.jpg,w_f19faeb
dc8d5725.jpg,w_2a939eb
dca11322.jpg,w_339c8ae
dcebe2cc.jpg,w_7028d77
dd2d5719.jpg,w_6c803bf
dd4b041f.jpg,w_5cb5fc3
dd698de6.jpg,w_4114553
dd6ed8bb.jpg,w_a59905f
dd92d5df.jpg,w_67de30b
ddaee4aa.jpg,w_fd1cb9d
ddba0df3.jpg,w_f19faeb
ddbb0de6.jpg,w_693c9ee
ddda6f11.jpg,w_8a3449f
dde880b2.jpg,w_569c2c7
de1d060a.jpg,w_eb0a6ed
de2e860e.jpg,w_32037e2
de5e38fe.jpg,w_38e4aae
de5ea4fa.jpg,w_c00534d
de67f3ab.jpg,w_4e52a49
dea9f5dd.jpg,w_67de30b
deacd680.jpg,w_93bf889
dec3aa14.jpg,w_ff7630a
dec64ebb.jpg,w_a18d0dc
df21a6b8.jpg,w_4fd48e7
df4ebcf5.jpg,w_a59905f
df9c98dd.jpg,w_3197568
dfbe87b8.jpg,w_6d17527
dfee01f1.jpg,w_d224115
dfff9871.jpg,w_cece268
e01b056d.jpg,w_1090920
e0d6b877.jpg,w_fea7fe6
e0e2a0d2.jpg,w_2fd21ec
e1032d07.jpg,w_fa32440
e1313b0f.jpg,w_44a6b62
e15ff5de.jpg,w_c622a3f
e19655a4.jpg,w_1287fbc
e1a8d822.jpg,w_989fbbb
e2142715.jpg,w_414f402
e21a39c8.jpg,w_6d274b2
e26e5120.jpg,w_eb0a6ed
e28c66b7.jpg,w_d8f848c
e29a39c9.jpg,w_da63cba
e2b825f5.jpg,w_47d2bc6
e30bd230.jpg,w_b678944
e33261e6.jpg,w_6af9dd7
e34c10d1.jpg,w_4fd48e7
e37c95b6.jpg,w_ef2f0f0
e39680f1.jpg,w_778ee6e
e3d7c95d.jpg,w_b942708
e44b428b.jpg,w_e6ec8ee
e44c8ea0.jpg,w_b96d4e0
e453b243.jpg,w_2071a4c
e4ae742a.jpg,w_cae7677
e4b7659e.jpg,w_6202983
e4ba8906.jpg,w_f8cd6b6
e4cfc870.jpg,w_8f2fb79
e4dc6ec8.jpg,w_fd1cb9d
e4f2c738.jpg,w_a18d0dc
e53d2b96.jpg,w_4b7b80b
e55ed2ec.jpg,w_b688397
e5bb5af3.jpg,w_15d7ecf
e69e6d59.jpg,w_2fe43c7
e6ffa80c.jpg,w_778ee6e
e7044065.jpg,w_c9e1cdc
e74c35ab.jpg,w_fa32440
e7a39cff.jpg,w_2173953
e86d904a.jpg,w_67de30b
e8fb34af.jpg,w_a59905f
e8fef570.jpg,w_eb0a6ed
e90a441a.jpg,w_9c70a11
e931e3bd.jpg,w_d3c8520
e9342cd8.jpg,w_b942708
e9549f94.jpg,w_7554f44
e96978ce.jpg,w_693c9ee
e9bb798d.jpg,w_b34793e
e9bd2e9c.jpg,w_b066aa6
e9cce61c.jpg,w_d3c8520
e9f03c51.jpg,w_b688397
ea07e2b1.jpg,w_f9a09c6
ea08df04.jpg,w_7c7a78c
ea24b89e.jpg,w_4e52a49
ea291015.jpg,w_bb2d34d
ea5f45ca.jpg,w_0d48a7d
ea916c35.jpg,w_886257d
eaa07cb8.jpg,w_a837660
eab8dccc.jpg,w_5a6d315
ead8b9cb.jpg,w_4b7b80b
eb026a29.jpg,w_cae7677
eb0dbe96.jpg,w_778ee6e
ebbeb2db.jpg,w_a71aa99
ebdb7544.jpg,w_69f4311
ec078e71.jpg,w_4fd48e7
ec2a3909.jpg,w_1596a47
ec506248.jpg,w_bb2d34d
ec6e335f.jpg,w_60759c2
ec952d00.jpg,w_36a4e8b
ecc105de.jpg,w_18a854b
ecc98a44.jpg,w_bb2d34d
ecd014f1.jpg,w_eb0a6ed
ecdfc350.jpg,w_b942708
ed036c70.jpg,w_8ba2066
ed03fb44.jpg,w_9ea2cc3
ed284e79.jpg,w_1287fbc
ed3bac22.jpg,w_ba8c7bc
ed744e52.jpg,w_73d5489
eda5de83.jpg,w_6e8486d
ede622f7.jpg,w_c9e1cdc
ee3e0557.jpg,w_98baff9
ee5c7600.jpg,w_44f66a7
ef04b2bf.jpg,w_1c2fb13
ef3578e6.jpg,w_3b0894d
ef4108d9.jpg,w_0d39a68
ef77df0e.jpg,w_2071a4c
efb84b03.jpg,w_dbda0d6
efc6cdd4.jpg,w_8c1ec28
f00f98fb.jpg,w_0d48a7d
f0467032.jpg,w_bf4880a
f087247d.jpg,w_8103039
f08d46f5.jpg,w_2863d51
f0a33ade.jpg,w_6202983
f0fc6ffc.jpg,w_95874a5
f101b6be.jpg,w_6c803bf
f1acd376.jpg,w_b688397
f1b728f9.jpg,w_654a5bb
f1eee252.jpg,w_57c14db
f1f13a10.jpg,w_ff70408
f233ed87.jpg,w_a913945
f2c504bc.jpg,w_60759c2
f2ec136c.jpg,w_f19faeb
f3151a32.jpg,w_3d0bc7a
f3339e83.jpg,w_fba3bde
f339a49f.jpg,w_0e7cb1c
f35e1bb3.jpg,w_8b1ca89
f396c942.jpg,w_f18df18
f39d445f.jpg,w_38e4aae
f3c17f2a.jpg,w_cf00b01
f4063698.jpg,w_7554f44
f44ffb82.jpg,w_94cd45e
f4779fcd.jpg,w_4b7b80b
f4c81765.jpg,w_8b1ca89
f5022ed6.jpg,w_1d2fbc1
f51a835e.jpg,w_fea7fe6
f5ac7c84.jpg,w_1287fbc
f5d404ef.jpg,w_da63cba
f64b0b01.jpg,w_569c2c7
f68bb972.jpg,w_9b401eb
f6a912ad.jpg,w_37dd956
f71a6dd4.jpg,w_dbda0d6
f72108ed.jpg,w_b942708
f7338dc0.jpg,w_2071a4c
f74ce703.jpg,w_b9ee5ec
f767cdfa.jpg,w_1eafe46
f784d143.jpg,w_41fa033
f78e46dd.jpg,w_5297ab3
f78fd3c7.jpg,w_66c1b54
f790ab91.jpg,w_1489751
f796599e.jpg,w_07e92ee
f7e47342.jpg,w_fea7fe6
f7e94a2d.jpg,w_5b99089
f7f53ac0.jpg,w_2fe43c7
f7f92380.jpg,w_b2d937a
f80825b3.jpg,w_eb44149
f851e7f1.jpg,w_2b443f8
f858046d.jpg,w_ab6bb0a
f86e1863.jpg,w_8c1ec28
f88cbd4d.jpg,w_5cb5fc3
f8b7e74f.jpg,w_09d7946
f8c56933.jpg,w_4b7b80b
f8d2db74.jpg,w_e156c87
f9f96d8a.jpg,w_95874a5
fa4c20f2.jpg,w_fd07344
fad13793.jpg,w_3cf3853
fb2ccd75.jpg,w_0b04c08
fb3f7ab4.jpg,w_1274a11
fb5f5b93.jpg,w_7c6ad05
fb757062.jpg,w_fb94a5a
fbb679be.jpg,w_693c9ee
fc120e58.jpg,w_bb2d34d
fc14e6c2.jpg,w_d0e5d1d
fc1882b1.jpg,w_3b0894d
fc547b47.jpg,w_b066aa6
fcc84c8e.jpg,w_fd07344
fd30f7e6.jpg,w_9b401eb
fd4fce43.jpg,w_2fd21ec
fd696375.jpg,w_5c6215c
fdb4a622.jpg,w_c9e1cdc
fdc286d7.jpg,w_ef2f0f0
fdc86e6b.jpg,w_d96a0cd
fdca36b9.jpg,w_4fd48e7
fe4fa036.jpg,w_5b99089
fe529671.jpg,w_c11932e
fe8cd7e1.jpg,w_af67683
fe937459.jpg,w_b34793e
feb9ded0.jpg,w_2a939eb
fec501c7.jpg,w_af67683
fed3bc99.jpg,w_3b0894d
fefc845c.jpg,w_dbda0d6
ff0d2705.jpg,w_4e52a49
ff24f0ea.jpg,w_3d0bc7a
ff3509c0.jpg,w_8ba2066
ff3f151f.jpg,w_9d5f5cc
ff9d60a3.jpg,w_eb0a6ed
fffd4260.jpg,w_b9bfd4e